{"cameraMode":{"drawMode":0,"name":"Shaded","section":"Shading Mode"},"sceneLighting":true,"audioPlay":false,"sceneViewState":{"showFog":true,"showMaterialUpdate":true,"showSkybox":true,"showFlares":true,"showImageEffects":true,"showParticleSystems":true},"in2DMode":false,"pivot":{"x":-73.98450469970703,"y":-7.818141937255859,"z":-28.472745895385743},"rotation":{"x":-0.06609424203634262,"y":0.7916517853736877,"z":-0.0870344340801239,"w":-0.6011915802955627},"size":55.17112731933594,"orthographic":false}