{"cameraMode":{"drawMode":0,"name":"Shaded","section":"Shading Mode"},"sceneLighting":true,"audioPlay":false,"sceneViewState":{"showFog":true,"showMaterialUpdate":true,"showSkybox":true,"showFlares":true,"showImageEffects":true,"showParticleSystems":true},"in2DMode":false,"pivot":{"x":-0.6472206115722656,"y":-4.10661506652832,"z":4.14076042175293},"rotation":{"x":-0.1774171143770218,"y":0.038661904633045199,"z":-0.00697582820430398,"w":-0.9833554625511169},"size":19.041519165039064,"orthographic":false}