{"cameraMode":{"drawMode":0,"name":"Shaded","section":"Shading Mode"},"sceneLighting":true,"audioPlay":false,"sceneViewState":{"showFog":true,"showMaterialUpdate":true,"showSkybox":true,"showFlares":true,"showImageEffects":true,"showParticleSystems":true},"in2DMode":false,"pivot":{"x":5.52606201171875,"y":-10.556626319885254,"z":10.601666450500489},"rotation":{"x":-0.33860790729522707,"y":-0.21710962057113648,"z":0.08059876412153244,"w":-0.9120103120803833},"size":10.0,"orthographic":false}