{"cameraMode":{"drawMode":0,"name":"Shaded","section":"Shading Mode"},"sceneLighting":true,"audioPlay":false,"sceneViewState":{"showFog":true,"showMaterialUpdate":true,"showSkybox":true,"showFlares":true,"showImageEffects":true,"showParticleSystems":true},"in2DMode":false,"pivot":{"x":4.801791667938232,"y":-12.71163272857666,"z":17.80191993713379},"rotation":{"x":-0.2068892866373062,"y":-0.03199204057455063,"z":0.006761681754142046,"w":-0.9778518676757813},"size":23.05192756652832,"orthographic":false}