{"cameraMode":{"drawMode":0,"name":"Shaded","section":"Shading Mode"},"sceneLighting":true,"audioPlay":false,"sceneViewState":{"showFog":true,"showMaterialUpdate":true,"showSkybox":true,"showFlares":true,"showImageEffects":true,"showParticleSystems":true},"in2DMode":false,"pivot":{"x":5.180571556091309,"y":-1.3390120267868043,"z":1.041162371635437},"rotation":{"x":-0.17014235258102418,"y":-0.686590313911438,"z":0.17015667259693147,"w":-0.6861419081687927},"size":10.738354682922364,"orthographic":false}